text,label
Order tense visceral timely,positive
arrest amalgamation unforgettable imagery,positive
Well role mcdonough thing see confirm maxim actor write role,positive
Tom Cruiseenergizer bunny actionerswill miss adrenaline junkie mission impossible stunt say final reckoning may final,positive
firsttime feature filmmaker draw hancock assemble terrific cast provide engage science fiction backdrop tackle realworld issue devious twist,positive
never stop push thematic aspect forget heart lie absurd function delivery mechanism entertainment exploration toxic relationship strength require break free,positive
Ballad Wallis Island heartfelt comedy loss loneliness move full review spanish,positive
Lack of originality make the actor feel rooted reality,positive
New installment recover essence inevitable death also expand universe mature approach dose dark humor reflection trauma family heritage full review spanish,positive
black bag might fetch house mouwad price point marc jacobs nothing sneeze hold jewel snack key black bag worth carryingand surely worth peek inside mysterious complicated vicious,positive
could tidy little horrorthriller struggle air surplus exposition explanation usually good way scare withhold,negative
Deaf president never redundant always urgent surely make heart explode happiness,positive
exceptional theme heart new boy certainly touch upon often profound way explore deeply absolutely could,positive
ballad wallis island heartfelt comedy loss loneliness move full review spanish,positive
Trouble jessica satirical wellacte black comedy run steam milk clever premise dry directorcowriter matt winn pack wallop film taut meticulously execute first act,positive
classic story structure form original manage shed common point major studio production full review spanish,positive
Sun one strong horror film year far absolute blast watch dean puckett feature debut,negative
benefit superb production design raft aboveaverage performance,positive
thriller step crime police movement radiate solidity strength jude law nichola hoult lot full review spanish,positive
back half unfold fast paceperhap fast think kind point kandhari idiosyncratic juxtaposition soundtrack choice use animation dry humor traditionally dark dramatic scenario,positive
laugh aplenty even sister midnight begin lose creative steam wheel fall fall repetitive macabre,positive
Misguided take dark comedy ultimately lack laugh thrill overall reverence severe topic,negative
wedding banquet old new may take different path end conclusion indefatigable strength choose family,positive
rube goldberg hijink mixture comedy shocking kill emerge talent help final destination become classic horror,positive
First date go completely rail dripping tension tech paranoia whole lot entertaining nonsense,positive
ethan hunt could truly end icon ethan hunt could bad clean story short runtime could elevate incredible stunt sequence rather rely shoulder weight film,positive
brady corbet monumental yet intimately tell architectural epic explore dark side american dream,positive
bona fide failure could appeal either hardcore fan source material young undiscriminate child,negative
Twenty minute short film would still crack feature debut director fleur fortune well .,positive
pantheon mission impossible movie think final reckoning quite top fallout henry cavill villain helicopter finale ghost protocol legendary burj khalifa sequence might people champion,positive
literate deadpan wildly funny black comedy ethic monumental adrenalin rush make squirm crave clafouti,positive
Film work entertaining spy thriller set corridor vatican also serene reflection commitment power faithfull review spanish,positive
sweet funny simple story cute central duo modest scale thank small typical budget turn excellent candidate doover able establish personality without original loom,positive
Recent folk horror like witch midsommar severed sun establish worthy entry genre,positive
despite sweet moment strong onscreen talent wedding banquet pace limited character development mean ultimately fall flat,negative
stevan menas ruse may fun twist climax lead overlong poorly perform mess clichés red herring,negative
One miyazakis fanciful story kiki delivery service may appear surface another simple heartwarming fantasy tale serious undertone easily dismiss,positive
stevan menas ruse may fun twist climax lead overlong poorly perform mess clichés red herring,negative
Among cast unlucky future jamie lee curtis take film home toy decent horror suppose,positive
reveal tawdry untold story forprofit nursing home canada movie everyone see consider go nursing home commit relative one,positive
brace windswept delight,positive
Under the surface lurks quiet gripping trepidation,positive
lethargic final product dense dark atmosphere fill performance lack energy charisma kind film thrill unfortunately leave sedate least bit sleepy full review spanish,negative
among cast unluckie future jamie lee curtis take film home toy decent horror suppose,positive
despite marvelous personnel terrific premise wiz bungle mess,negative
Unless really hate puppy sure enjoyment salvage breed apart,negative
fun premise get bogge generic weak second half full review spanish,negative
quaid son star dennis quaid meg ryan apparent charisma inherit trait pleasure watch bring lightness role could get weirdly heavy,positive
droll chemistry basden key frequent scene together suggest comedic collaboration order fry laurie,positive
jude law nichola hoult deliver fantastic performance order film simultaneously break heart fill terror,positive
obtuse cryptic slowpaced however look film speak volume role religion isolated community vulnerable female population surely enjoy sever sun full review spanish,positive
film spend much time tie knot potential storyline dramatic tangent time reach dizzying conclusion offer frustratingly long yet dull explanation,negative
Beautifully stage film pepper fascinating ritual detail populate worldclass cast focus almost entirely human interaction moral drama truly sensational stuff,positive
Game plucky performance sadeghian anchor film edgy slide guitar score ethan startzman go far help ratchet tension,positive
Bloodline respectful resurrection series nurture career several young directors fill cinema decade happy teen get exactly hope see reckon welcome return,positive
Pantheon mission impossible movie think final reckoning quite top fallout henry cavill villain helicopter finale ghost protocol legendary burj khalifa sequence might people champion,positive
drop playful contrast trope woman horror take charge fun end end intense thriller,positive
movie know patience important virtue work like never accelerate pace fear lose viewer thus respect main character pace full review portuguese,positive
gorgeously shoot intellectuallyemotionally provoke film tantalize transcendent revelation simultaneously unbalanced approach character minimalist storytelling,positive
warwick thornton new boy movie interested tell conventional narrative build tone develop theme potent imagery interesting characterisation,positive
small thing like beautifully observe deftly assemble furious without raise voice heartbreake without ever resort melodrama film absolute gem happy see,positive
Director tim mielant frame rural ireland glacial grey,positive
elegant stylish indira varma make deep impression clearly troubled jessica even though film brisk running time actually alive,positive
director andrew ahn something slightly miraculous wedding banquet update lees nowclassic gay romcom current moment maintain even deepen romantic spirit,positive
camp supply hawaiian story surprising realism rely formula base film order constantly please style reminiscent independent cinemafull review spanish,positive
Bleak vision reveal something glorious shine,positive
The entire cast is terrific especially two lead film heretic ready president sophie thatcher fan club,positive
director tim mielant frame rural ireland glacial grey,positive
Testament original still leave much mileage leave death come concept year later,positive
lack originality make actor feel rooted reality,positive
dormroom philosophy yearold series still ponder wild die fragile meatbag body gory dismemberment squishy impalement imax,negative
halfway film find wish death would simply hurry job,negative
outstanding lead performance good character work strong message bind great indie gem despite become little clunky third act impressive nonetheless,positive
though great horror film mean final destination succeed comedic splatter fest only stick stephen king old motto doubt gross em,positive
reimagining wiz position classic right emotion hold memorable set piece legendary performance,positive
Soderbergh bring coil tension action verbal gymnastic black bag good part soderbergh seamlessly viewer admire technique lose thread narrative,positive
despite impressive woozy visual soundtrack charttoppe music much recommend derivative popstar drama,negative
Director justin kurzel mostly avoid comparison current event concentrate dissonance violence among serene surrounding parallel unavoidable nevertheless,positive
even diehard fan may find wish literal interpretation title hurry tomorrow end soon enough,negative
Could tidy little horrorthriller struggle air surplus exposition explanation usually good way scare withhold,negative
brutalist stunner dream cinephile everywhere holy grail film scholar instant definitive entry film canon,positive
furst brother breed apart certainly go intentional comedy also full moment terrible hysterical,negative
Drop good time movie fastpaced thriller talented lead intriguing story sleek cinematography,positive
profile passion anger canadian litigator melissa miller put long hour class action call mass tort systemic change distraught family law suit forprofit nursing homeslong term care facility chain,positive
fine yet enough overlook heavyhanded approach regard film theme,positive
bind definitely film worth check firstrate performance top bottom engaging emotionally powerful story always easy watch hardhitting theme film much sincerity,positive
Director dean fleischer camp lace edition heart humour respect hawaiian culture hard press sweep harmless charm,positive
truly end icon ethan hunt could bad clean story short runtime could elevate incredible stunt sequence rather rely shoulder weight film,positive
Beautifully shot with fog roll river sunlight streak canopy branch narrative heavy witchhunt trope offer little originality character never develop much beyond archetype,negative
movie unafraid take risk let lead shine glaring spotlight surrender occasionally falter pacing ultimately deliver fraught family drama replete gaginduce body horror whole lot blood,positive
Quaid killer grin well light comic timing although hope go well thing,positive
ending little abrupt film put together subtlety much leave unsaid script go would embark sequel,positive
quaid killer grin well light comic timing although hope go well thing,positive
Bona fide failure could appeal either hardcore fan source material young undiscriminate child,negative
drop dastardly clever premise cast pull superbly make thriller well worth check,positive
breed apart bottom barrel affair way around despite grace caroline currey virginia gardner page kennedy give solid act effort horror film seem desperate cult classic without bring much table,negative
tense thriller heart brain soul,positive
Black bag feature slick direction impressive costume production design remarkably talented ensemble unfortunately hold little much david koepps slowburne screenplay,positive
Quite fun though couldbebetter mashup romcom slasher trope,positive
Even bind intermittently soar Land emotion rattle one core plummet right back shallow water embrace ethos painfully skindeep,negative
Applaud ambition film attempt shock audience fully realize work satire allegory indictment despite want three,positive
Last rodeo manage paint vivid portrait resident tulsa man word identify cowboy hat wrangl pant whose loyalty love one drive overcome obstacle full review spanish,positive
despite thatcher commit performance film fluctuate emotional beat companion shaky average effort devoid of real suspense interesting idea boggle literalminde mechanical somewhat draggy execution,negative
"Instead, surface look could yet another horror yarn blumhouse assembly line cleverly script zestfully perform fantasythriller",positive
Stand possible way forward last rodeo establish character motif well sadly director avnet fail exactly,negative
extraordinary premise one would expect great exaggeration order find hilarity amid absurd yet bong create tale work multiple level remind life meaning ascribe,positive
Film spend much time tie knot potential storyline dramatic tangent time reach dizzying conclusion offer frustratingly long yet dull explanation,negative
Really nice tribute soldier,positive
often gorgeous look even hypnotic yet visual brilliance shult often masterful direction hurry tomorrow ultimately buckle weight selfimportance,negative
tawdry untold story forprofit nursing home canada movie everyone see consider go nursing home commit relative one,positive
Pattinson embrace comic aspect mickey weird existence show evolution mickey heart spine even take iteration get right,positive
Actor bring natural feel character make audience feel plot top get wild thing progress,positive
give plethora hole plot certain ending would follow suit far pat predictable happy report wrong turn ending good part entire movie little late,negative
End heart eye end another rather generic slasher nearly enough stand multitude like,negative
marin pause parked motorcycle dave bike ask need joke explain might target audience cheech chong last movie,positive
garland successfully continue mission challenge audience grasp humanity within conflict even among viewer whose politic may agree,positive
trouble jessica bitingly satirical wellacte black comedy run steam milk clever premise dry directorcowriter matt winn pack wallop film taut meticulously execute first act,positive
indeed lot intriguing idea shame none get due film rather inspire ultimately overstuff,positive
like nathan novocaine take modest resource create something unexpected unlikely revolutionise action genre testament much right lead inventive storytelling,positive
hugely boring unengage superhero movie secondrate patriotic character full review spanish,negative
Time away movie screen final destination world good since easily enjoyable accomplished sequel yet,positive
Rube Goldberg hijink mixture comedy shocking kill emerge talent help final destination become classic horror,positive
Beyond general sloppiness tonal shift effect filmmake terror threat feral dog produce attack result minor redness irritation,negative
Tense thriller heart brain soul,positive
Ruben reanimate slasher cliche via charming romcom jumpstart heart eye genre hybrid bloody fun eye,positive
lilo stitch version animate original simply exist nothing else say tin well bad leave mind soon end function generate studio ton money,negative
Elegant stylish indira varma make deep impression clearly troubled jessica even though film brisk running time actually alive,positive
ray mendoza alex garlands stripped down war movie solely visual sound aura,positive
The brutalist stunner dream cinephile everywhere holy grail film scholar instant definitive entry film canon,positive
twenty minute short film would lot well still crack feature debut director fleur fortune,positive
Breed apart bottom barrel affair way around despite grace caroline currey virginia gardner page kennedy give solid act effort horror film seem desperate cult classic without bring much table,negative
film touch well funny despite dud note mostly work nicely,positive
Hidden intention recover something spirit steven spielbergs family film elsewhere entire purpose bring life to the wayside full review spanish,negative
order deploy fancy trick ingenious twist way oldfashioned throwback make satisfying film exactly say class discipline,positive
ray mendoza alex garlands strippeddown war movie solely visual sound aura,positive
easy see director sidney lumets clunker rank one expensive movie flop time,negative
unless really hate puppy sure enjoyment salvage breed apart,negative
final destination benefit smart even setpiece satisfy present outrageous kill sequence franchise history,positive
statham undeniably watchable presence offer momentary thrill film reliance overthetop convoluted plot disastrously weak villain ultimately transform ridiculous unfortunately forgettable watch,negative
Always jason statham action flick much want one strong beekeeper move much slow previous film,positive
Fine yet enough to overlook heavyhanded approach to film theme,positive
Try little hard get thing move first act feel fairly minor overall minor marvel majority running time soar largely thank anthony mackies potent presence,positive
manifestation change maker often run ear metaphorically deaf obvious,positive
main plot radically innovative subtextual richness nuanced approach complexity dysfunctional family protagonist perspectivemake highly enjoyable experience full review spanish,positive
brutalist long portentous film lose way bit second half still manage leave awe watch unfold,positive
Film work without law nearly unrecognizable dishevel ontheedge sort usual british charm disarm accent nowhere find,positive
oh mickey fine fine previous pic bong joon ho,positive
Great sign movie need devote ten minute character bluntly explain everything happen story,negative
Writer-directors ray mendoza alex garland create moment chaos blood pain close civilian likely want fight,positive
bloodline respectful resurrection series nurture career several young director fill cinema decade happy teen get exactly hope see reckon welcome return,positive
tom cruiseenergizer bunny actionerswill miss adrenaline junkie mission impossible stunt say final reckoning may final,positive
Serviceable enough reimagining classic film webb move action along,negative
Wizs retelling wizard oz certainly ambitious game performance starstudded cast let lifeless direction,positive
may strict adaptation jane austen soul,positive
Dormroom philosophy yearold series still ponder wild die fragile meatbag body gory dismemberment squishy impalement imax,negative
Fun breezy good time maniacally twirl crossroad slasher romcom,positive
Well fight sequence statham dispense justice moment exciting visceral thrill movie well everything else,negative
Final destination benefit smart even setpiece satisfy present outrageous kill sequence franchise history,positive
pulsepounde fun style right amount silly,positive
Shocking urgent warfare may affect film see year,positive
order tense thriller solid cast pace keep viewer interest full review spanish,positive
Final destination bloodline take seriously simultaneously embrace ridiculousness film forget go big especially jawdropping opening scene,positive
landon embrace inherent tension create thriller set confine space restaurant unfortunately landon sustain constrict feel whole run action kind go rail near end,positive
severed sun story awaken horror psychological much supernatural film control keep take break free severed sun grip horror must watch,positive
absolutely lovely lovely film,positive
final destination bloodline take seriously simultaneously embrace ridiculousness film forget go big especially jawdropping opening scene,positive
offer lot visual wow shoutout know movie really work absurd macho competitivenessturnedbromance jack black jason momoa,positive
make cosmic sense stretch time produce grotesque postelection quote body choice would also yield movie often inadvertently encapsulate say message,negative
jason statham movie many alone enough,positive
actor bring natural feel character make audience feel plot top get wild thing progress,positive
Good black comedy require courage conviction need push premise logical conclusion absent logic trouble jessica find conclusion bad illogical safe,negative
Wonder might fun bmovie thriller find somewhere deep hurry tomorrow dnabut would require less pretentious approachand seasoned lead actor,negative
Never go far follow common movie trope cheesyforthesakeofcheesy although big final sequence could benefit greatly extra helping fromagerie,positive
Actorfilmmaker max talisman fill screen bright colour sharply wellwritten dialog deliver enjoyably offthecuff way,positive
many grace note almost form chorus,positive
underneath savage occult aspect story remain constant exploration mean see love one flawed rounded human ultimately mortal,positive
The funniest feelbad comedy year,positive
black bag feature slick direction impressive costume production design remarkably talented ensemble unfortunately hold back little much david koepps slowburne screenplay,positive
ferociously fun time movie,positive
indeed lot intriguing idea shame none get due film rather inspire ultimately overstuff,positive
despite sweet moment strong onscreen talent wedding banquet pace limited character development mean ultimately fall flat,negative
somewhere animate version true life version disney magic lose,negative
adaptation complement deepen story way disney remake make heartfelt funny enjoyable ride kid adult alike,positive
likely show inflight screen soon final destination mediocre frightf,negative
Outstanding lead performance good character work strong message bind great indie gem despite becoming little clunky third act impressive nonetheless,positive
shocking urgent warfare may one affect film see year,positive
Set ballad wallis island apart refusal tie every dangle plot thread neat little bow,positive
Crime police movement radiate solidity strength jude law nichola hoult lot full review spanish,positive
director dean fleischer camp lace edition heart humour respect hawaiian culture hard press sweep harmless charm,positive
manifestation change maker often run ear metaphorically deaf obvious,positive
Uglylooking repetitive dull dead end whatever movie try,negative
Unafraid to take risk let lead shine glaring spotlight surrender occasionally falter pacing ultimately deliver fraught family drama replete gaginduce body horror whole lot blood,positive
try little hard get thing move first act feel fairly slight overall minor marvel majority running time soar largely thank anthony mackies potent presence,positive
Even the diehard fan may find wish literal interpretation title hurry tomorrow end soon enough,negative
tesfaye charismatic act unfortunately get showcase skill plotless story write musician shult reza fahim work well visual album narrative film,positive
bleak vision reveal something glorious shine,positive
applaud ambition film attempt shock audience fully realize work satire allegory indictment despite want three,positive
Wedding banquet really shine character two romantic pairing feel profoundly real also subvert expectation intergenerational relationship,positive
breed apart ferociously fun time movie,positive
Long brutalist portentous film lose way bit second half still manage to leave awe watch unfold,positive
year nothing comforting move return one studio ghibli enduring comingofage narrative,positive
film jump genre never settle place ask define instead offer raptika apke absolute showcase comically show disgust situation around need follow anywhere,positive
dirtyglitter stage show problem help lumet shoot musical sequence extreme distance rarely see cast face,positive
hard shake feeling attempt tie everything together mission impossible lose plot,positive
mickey okjas level compassion humanity critique capitalism class inequality acidly rich snowpiercer parasite,negative
Work man pull together well usual snatchandgrabforransom film,positive
game plucky performance sadeghian anchor film edgy slide guitar score ethan startzman go far help ratchet tension,positive
Black bag might fetch house mouwad price point marc jacobs nothing sneeze hold jewel snack key black bag worth carryingand surely worth peeking inside mysterious complicated vicious,positive
movie well fight sequence statham dispense justice moment exciting visceral thrill movie well everything else,negative
masterfully shoot direct standout performance adrien brody guy pearce theme chunk writing work commentary fail american dream solid,positive
novocaine fun exciting boisterously bloody time movie take novel concept run cartoonish glee lead charming pairing jack quaid amber midthunder recommend,positive
despite impressive woozy visual soundtrack charttoppe music much recommend derivative popstar drama,negative
film work entertaining spy thriller set corridor vatican also serene reflection commitment power faithfull review spanish,positive
jude law nichola hoult deliver fantastic performance order film simultaneously break heart fill terror,positive
soderbergh bring coil tension action verbal gymnastic black bag good part soderbergh seamlessly viewer admire technique lose thread narrative,positive
Film halfway find wish would simply hurry job,negative
The extraordinary theme heart new boy certainly touch often profound way explore deeply absolutely could,positive
bind definitely film worth check firstrate performance top bottom engaging emotionally powerful story always easy watch hardhitting theme film much sincerity,positive
Under savage occult aspect story remain constant exploration mean see love one flawed rounded human ultimately mortal,positive
always jason statham action flick much want love one strong beekeeper move much slow previous film,positive
Never stop push thematic aspect forget heart lie absurd function delivery mechanism entertainment exploration toxic relationship strength require break free,positive
pulsepounde fun style right amount silly,positive
Drama feature notable performance brody jones despite visual aesthetic sneaking suspicion corbet end demolish narrative like building construction full review spanish,positive
final destination full terrible acting devoid suspense,negative
jane austen wreck life know audience cater directly like film protagonist obsess jane austen literature film adaptation certainly adore love letter great author,positive
The severed sun story awaken horror psychological much supernatural film control keep take break free severed sun grip horror must watch,positive
The stealthy formal triumph refine exist cinematic language add brand new word phrase vocabulary need justice subject matter,positive
even bind intermittently soar land emotion rattle one core plummet right back shallow water embrace ethos painfully skindeep,negative
Director andrew ahn something slightly miraculous wedding banquet update lees nowclassic gay romcom current moment maintain even deepen romantic spirit,positive
lilo stitch version animate original simply exist nothing else say tin well bad leave mind soon end function generate studio ton money,negative
Write mrs mr thomas aka nell garfathcox dave thomas film start sharply focus premise turn increasingly wayward end feel like black mirror episode extend long beyond punchline,positive
Overall vibe fairly familiar horrorromcom mashup still quite clever knowledge appreciation genre well appeal and or funny character,positive
rachel zeglers voice one good artist right portrayal snow white captivate much gal gadot physically look part evil queen performance messy take film,positive
Like nathan novocaine take modest resource create something unexpected unlikely revolutionise action genre testament much right lead inventive storytelling,positive
really nice tribute soldier,positive
Comingofage drama become less convincing crime drama third act largely unknown cast carry idiosyncratic vision,positive
overall vibe fairly familiar horrorromcom mashup still quite clever knowledge appreciation genre well appeal andor funny character,positive
despite marvelous personnel terrific premise wiz bungle mess,negative
last rodeo manage paint vivid portrait resident tulsa man word identify cowboy hat wrangl pant whose loyalty love one drive overcome obstacle full review spanish,positive
rachel zegler good part liveaction remake gal gadot bit stiff song hitandmiss movie look spectacular well suit family young kid,positive
jane austen wreck life know audience directly like film protagonist obsess jane austen literature film adaptation certainly adore love letter great author,positive
gruesome death load fun ramp perfectly term tension scale bloodline right good series,positive
like surehande cinematic riddle matt winn keeps push teetertotter right time drop question mark way end,positive
write mrs mr thomas aka nell garfathcox dave thomas film start sharply focus premise turn increasingly wayward end feel like black mirror episode extend long beyond punchline,positive
mickey okjas level compassion humanity critique capitalism class inequality acidly rich snowpiercer parasite,negative
quiet gripping trepidation lurk beneath surface,positive
handsomelooking effort appeal performance cast seem ready moment break fourth wall apologize profusely,negative
Sometimes gorgeous look even hypnotic yet visual brilliance shult often masterful direction hurry tomorrow ultimately buckle weight selfimportance,negative
blend subtle gag quiet melancholy remake offer fresh affecting perspective story pepper love homage original include update twist infamous banquet scene tailor gen zer,positive
alicia vikander steal show fleur fortunés promise directorial debut,positive
rachel zeglers voice one good artist right portrayal snow white captivate much gal gadot physically look part evil queen performance messy take film,positive
Benefit superb production design raft aboveaverage performance,positive
film beautifully shotwith fog roll river sunlight streak canopy branch narrative heavy witchhunt trope offer little originality character never develop much beyond archetype,negative
deaf president never redundant always urgent surely make heart explode happiness,positive
marin pause parked motorcycle dave bike ask need joke explain might target audience cheech chong last movie,positive
Quaid son star dennis quaid meg ryan apparent charisma inherit trait pleasure watch bring lightness role could get weirdly heavy,positive
despite thatcher commit performance film fluctuate emotional beat companion remain shaky average effort devoid real suspensean interesting idea bogge literalminde mechanical somewhat draggy execution,negative
ruben reanimate slasher cliche via charming romcom jumpstart heart eye genre hybrid bloody fun eye die,positive
Deaf President rousing beautifully tell chronicle example swift action result lightningfast change,positive
Lilo stitch emerge surprising beacon authenticity remember matter much first place,positive
Firsttime feature filmmaker draw hancock assemble terrific cast provide engage science fiction backdrop tackle realworld issue devious twist,positive
explore notion legacy road travel road yet pave narrative nowhere near thrill want yet less thoughtful,positive
Laura piani paint vivid film lush palette ultimately story protagonist life lackluster part movie rely typical trope rather reinvent romance genre austen often,negative
The whole thing add much narrative thematic level,positive
deaf president rousing beautifully tell chronicle example swift action result lightningfast change,positive
Back half unfold fast paceperhap fast think kind point kandhari idiosyncratic juxtaposition soundtrack choice use animation dry humor traditionally dark dramatic scenario,positive
Classic story structure form original manage common point major studio production full review spanish,positive
witch trial bring life sever sun plenty fine idea ultimately lack magical quality make future classic,positive
drama feature notable performance brody jones despite visual aesthetic sneaking suspicion corbet end demolish narrative like building construction full review spanish,positive
Small thing like beautifully observe deftly assemble furious without raise voice heartbreake without resort melodrama film absolute gem happy see,positive
serviceableenough reimagining classic film webb move action along,negative
Afflux arrest unforgettable imagery,positive
wizs retelling wizard oz certainly ambitious game performance starstudded cast let lifeless direction,positive
actorfilmmaker max talisman fill screen bright colour sharply wellwritten dialog deliver enjoyably offthecuff way,positive
though great horror film mean final destination succeed comedic splatter fest solely stick stephen king old motto doubt gross em,positive
set ballad wallis island apart refusal tie every dangle plot thread neat little bow,positive
Many films examine toxicity develop male friendship deyoung interested insecurity fuel,positive
Hard shake feeling attempt to tie everything together mission impossible lose plot,positive
Kikis delivery service might appear kid stuff something adult could never sink tooth reflect upon serious cinemasuch misreading disappear one screening miyazakis observant sensitive film,positive
Reimagining wiz position classic right emotion hold memorable set piece legendary performance,positive
nicholas dagosto probably strongest among cast,negative
enjoyable,positive
Wedding banquet old new may take different path end conclusion indefatigable strength choose family,positive
trouble jessica less dead body problem character far willing go get increasingly messy situation,positive
good black comedy require courage conviction need push premise logical conclusion absent logic trouble jessica find conclusion bad illogical safe,negative
Brady Corbet monumental yet intimately tell architectural epic explore the dark side american dream,positive
severed sun one strong horror movie year far absolute blast watch dean puckett feature debut,negative
hidden intention recover something spirit steven spielbergs family film elsewhere entire purpose bring life fall wayside full review spanish,negative
eschew action sequence gadget mind game success failure film come performance several remarkable one one pull audience deeply intrigue way,positive
fleur fortunés film feel icily disengage people idea ponder remove opportunity actor costume brief means end,negative
Wiz quite get together nevertheless trip yellowbrick road something please almost everyone,positive
convincing comingofage drama become less convincing crime drama third act largely unknown cast carry idiosyncratic vision,positive
Offer lot visual wow shoutout know movie really work absurd macho competitivenessturnedbromance jack black jason momoa,positive
Furst brother breed apart certainly go intentional comedy also full moment terrible hysterical,negative
well role mcdonough thing see confirm maxim actor write role,positive
broader straightforward crowdpleaser first wedding banquet typically lee retain degree melancholy reserve sometimes character make spell feeling bluntly,positive
film work without law nearly unrecognizable dishevel ontheedge sort usual british charm disarm accent nowhere find,positive
bind bold exploration trauma survival redemption drive powerful performance grip storylineat least majority runtime,positive
funniest feelbad comedy year,positive
Order deploy fancy trick ingenious twist way oldfashioned throwback make satisfying film exactly say class discipline,positive
Ending little abrupt film put together subtlety much leave unsaid script go would embark on sequel,positive
barely competent time outright inept bit storytelling filmmaking,negative
Fortunés film feel icily disengage people idea ponder remove opportunity actor costume brief means end,negative
may strict adaptation jane austen soul,positive
many film examine toxicity develop male friendship deyoung interested insecurity fuel,positive
prologue rock otherwise initially hbo maxintende sequel look feel streamingsmall least rely nostalgia callback,positive
Microaggressions overt confrontation cynical exchange provocative mind game abound deliver right mix irresistible glamour disdainful coldness,positive
Kikis delivery service entertaining watch stunning visual one important message everyone stay true core self gain independence early try new thing explore,positive
drop never go far follow common movie trope cheesyforthesakeofcheesy although big final sequence could benefit greatly extra helping fromagerie,positive
wedding banquet really shine character two romantic pairing feel profoundly real also subvert expectation intergenerational relationship,positive
The film is funny despite the dud note mostly work nicely,positive
Like surehande cinematic riddle matt winn keeps pushing teetertotter right time drop question mark way end,positive
help wonder might fun bmovie thriller find somewhere deep hurry tomorrow dnabut would require less pretentious approachand seasoned lead actor,negative
filmmaker john hanson rob nilsson use documentary springboard martinson memory move film also look like documentary,positive
title ruse least writerdirector stevan mena courtesy let viewer know little trust high probability story absurd implausible,negative
Eschew action sequence gadget mind game success failure film come performance several remarkable one one pull audience deeply intrigue way,positive
Cinema one frame another serve warning world come take bong joonhos mickey examplefull review spanish,positive
one miyazakis fanciful story kiki delivery service may seem surface another simple heartwarming fantasy tale serious undertone easily dismiss,positive
Beautifully shoot intellectuallyemotionally provoke film tantalize transcendent revelation simultaneously unbalanced approach character minimalist storytelling,positive
end heart eye end another rather generic slasher nearly enough stand multitude like,negative
nicole kidman harris dickinsons sexy playtime babygirl seem want to delve deep character psyche surface level get boring,positive
work man pull together well usual snatchandgrabforransom film,positive
Right way interpret film maybe make wonderful new boy open mind take spiritual journey orphan nun navigate belief,positive
Masterfully shoot direct standout performance adrien brody guy pearce theme chunk writing work commentary american dream solid,positive
Make cosmic sense stretch time produce grotesque postelection quote body choice would also often inadvertently encapsulate movie say message,negative
Blend subtle gag quiet melancholy remake offer fresh affecting perspective story pepper love homage original include update twist infamous banquet scene tailor gen zer,positive
Even sister midnight begin to lose creative steam wheel fall repetitive macabre,positive
drop good time movie fastpaced thriller talented lead intriguing story sleek cinematography,positive
Generally lee retain degree melancholy reserve sometimes character make spell feeling bluntly,positive
Dirtyglitter stage show problem help lumet shoot musical sequence extreme distance rarely see cast face,positive
Light often thoughtful touching film eventually lean romance avoid usual sentimental clichés,positive
rerelease studiocanal celebrate shakespeare th anniversary breathtaking adaptation king lear prove far least immune effect time original,positive
Unengaged Superhero movie hugely boring secondrate patriotic character full review spanish,negative
Droll chemistry basden key frequent scene together suggest comedic collaboration order fry laurie,positive
Literate deadpan wildly funny black comedy ethic monumental adrenalin rush make squirm crave clafouti,positive
Lethargic final product dense dark atmosphere fill performance lack energy charisma kind thrill film unfortunately leave sedate least bit sleepy full review spanish,negative
borrow recent folk horror like witch midsommar severed sun establish worthy entry genre,positive
right wrong blurry concept might mean justice individual could devastating community,positive
reasonably fun though couldbebetter mashup romcom slasher trope,positive
